<?xml version="1.0" encoding="utf-8" ?>

<component name="MainScreen" extends="Scene" initialFocus = "marvelRowList" >

    <script type="text/brightscript" uri="mainScreen.brs" />

    <children>
        <Overhang 
        title = "canal de Vengadores" 
        showOptions = "true" 
        titleColor="0xFF0000"
        logoUri= "https://static.wikia.nocookie.net/avengers-assemble/images/7/71/Avengers_emblem.png/revision/latest?cb=20130518215451"
        
        />

              <Label id="textoMarvel" 
              text="Vengadores" 
              height="150" 
              width="400" 
              translation = "[ 700, 460 ]"
              color="0xFF0000" 
              font="font:MediumBoldSystemFont"/>
                    <layoutGroup   
                      id="firstScreen" 
                      layoutDirection="horiz"
                      visible="true"
                      translation = "[ 130, 560 ]" 
                    >
                      

                          
                              <RowList 
                              id = "marvelRowList" 
                              itemComponentName = "RowListItem" 
                              numRows = "1" 
                              itemSize = "[ 1608, 308 ]" 
                              rowItemSize = "[ [536, 308] ]" 
                              itemSpacing = "[ 0, 40 ]" 
                              showRowLabel = "[ true ]" 
                              drawFocusFeedback = "false" 
                              vertFocusAnimationStyle = "fixedFocusWrap" 
                              rowFocusAnimationStyle = "fixedFocusWrap" />

                      </layoutGroup>   

          <Detail/>
          <DetailDoctor/>
          <DetailSpider/> 
          <DetailBlack/>
    </children>
</component>