<?xml version="1.0" encoding="utf-8" ?>

<component name="MainScreen" extends="Scene" initialFocus = "marvelRowList" >

  <script type="text/brightscript" uri="mainScreen.brs" />
  
  <children>
    <Overhang 
      title = "💥💥💥💥"
      showOptions = "true" 
      titleColor="0xFF0000"
      logoUri= "https://static.wikia.nocookie.net/avengers-assemble/images/7/71/Avengers_emblem.png/revision/latest?cb=20130518215451"/>
    <Poster
      width="400" 
      height="100" 
      translation="[ 300, 330 ]"
      uri="pkg:/images/avengers.png"/>
      <RowList 
        id = "marvelRowList" 
        itemComponentName = "RowListItem" 
        visible="true"
        translation = "[ 130, 650 ]"
        numRows = "1" 
        itemSize = "[ 1608, 308 ]" 
        rowItemSize = "[ [536, 308] ]" 
        itemSpacing = "[ 0, 40 ]" 
        showRowLabel = "[ true ]" 
        drawFocusFeedback = "false" 
        vertFocusAnimationStyle = "fixedFocusWrap" 
        rowFocusAnimationStyle = "fixedFocusWrap" />
      <Detail/>
      <DetailDoctor/>
      <DetailSpider/> 
      <DetailBlack/>
      <Detail1 
        id="spider"
        head="Black Panter"
        titleLabel="Black Panter"
        textLabel="Hace millones de años, un meteorito de poderoso vibranium impactó en África. Cuando llegó la era del hombre, la mayoría de los habitantes de aquel territorio se unieron bajo el mando de un guerrero chamán que, gracias al vibranium, adquirió fuerza, velocidad e instinto sobrehumano, convirtiéndose en el primer Black Panther." 
        posterUri="pkg:/images/bp.webp"/>

  </children>
</component>