<?xml version="1.0" encoding="utf-8" ?>

<component name="Detail" extends="Group" initialFocus = "detalleDoctor" >

    <script type="text/brightscript" uri="detail1.brs" />
    <children>

        <layoutGroup
            id="detalleDoctor"
            visible="false"
            layoutDirection="vert"> 
            <Overhang 
                showOptions="true" 
                optionsAvailable="true" 
                color="0xFF0000"/>
            <Rectangle
                id="informacionDoctor"
                height="1100" 
                width="1920" 
                translation = "[ 700, 460 ]"
                color="0xFFFFFF">  
                <Label 
                id="info" 
               
                height="500" 
                width="600" 
                horizAlign="center" 
                vertAlign="center" 
                color="0xFF0000" 
                translation="[0,0]" />
                <Label 
                height="700" 
                width="800" 
                id="duracion" 
               
                color="0xFF0000" 
                translation="[200,380]"
                wrap="true"
                displayPartialLines="true"/>
                <Poster
                width="600" 
                height="600" 
                translation="[1070,180]"
                />
            </Rectangle>
        </layoutGroup>
    </children>
</component>